"ID","A1B1","A1B2","A1B3","A1B4","A1B5","A1B6","A1B7","A1B8","A2B1","A3B1","A4B1","A5B1","A6B1"
1,12.1785778564639,6.16778244439999,-3.29904982391027,5.81867689012761,4.8355771695805,-6.22401444505297,-16.4822622252584,-2.99528786635038,0.79147825922468,6.75445656907792,0.387314790541319,-0.054290659600669,-1.41224755333109
7,8.17954476346035,3.65899726974448,7.94930348655922,-1.05961936825143,4.64708658803398,-8.39750792816809,-12.0978015278478,-2.88000328353074,2.30068072279149,3.30588594001688,0.182095241476884,-0.974945243881256,-0.28981465756526
9,4.56217491978461,-7.69885666061828,-0.338788884202874,-7.03584583073652,4.53692494575561,1.58783714986095,-1.83672436432856,6.22327872448506,2.98542657779963,0.114423857995135,17.4152574520701,-0.0274180925172495,-1.3002819582888
10,3.5459515471942,0.249215452337908,3.19788741076593,-0.117377789716615,-4.88733062880539,-5.13407368857569,-0.53270186753199,3.67842956433165,4.75775965246263,2.8284856994259,18.6526115938923,-0.98168433406627,-1.42331327720298
11,2.80742070426497,-2.64033814427595,1.57416148567874,1.99817876249609,0.738525364397706,-1.11055089564248,-0.576052799383358,-2.79134447753572,1.29446829963472,0.948023088509114,2.8433113978239,-1.17326077014286,0
13,-0.344390734811632,-5.9987646777015,0.0254337464394036,1.09273435060234,1.05806946585706,-0.666143149593503,1.26988643969598,3.56317455951186,0.0154591628614232,0.570271145743737,0,-0.604839942206286,0
18,2.29959277814847,-10.7147908379885,7.35896580361068,-4.91288052800093,-6.62424672217014,-6.43461414122014,8.49563602861436,10.5323376190062,4.51796674579205,0.999375090873063,7.80900322388532,-1.01975867986133,-2.93361130749744
21,2.97133345608915,3.34596018305509,1.78055462950686,2.00089859541262,3.48701347012856,-3.91502153208371,-9.8250663579218,0.154327555813232,0.184610884845587,1.89566901675566,0.455030857662506,-0.00105093381117104,0
23,-4.10379728340933,10.6576364104124,-1.7434479939211,5.19895689794292,-11.2378073978656,-1.2207203549912,-1.62499843254821,4.07417815438014,5.8059635860504,4.21989217965953,0.15642361498483,-0.172891078686955,-4.0613870198217
25,5.77455854968221,4.37419721619064,2.88250330425709,-5.15545586165063,5.7025792648434,0.433034845526465,-11.4479269845363,-2.56349033431283,2.14631308918819,0.0127405536418416,8.69350622229639,-0.82652433637832,-0.00478740414436896
32,1.0092516795252,-3.48423103526597,-0.120412969869542,0.769640313133519,-0.401167460900592,0.238486466427096,1.93421506963096,0.0542179373193308,0.563852279310564,0.228002330631572,0.555956797952832,-0.592627482117124,-0.348134345714632
33,1.67031264554544,-0.217479836633393,1.3567825749948,2.79739615016063,2.45611297269844,3.24583295004571,-11.1462484699805,-0.162708986831083,0.45051019178121,1.27184305740632,0.00417741954364691,-9.40203008980367e-05,-0.251591701617033
42,2.32779783750839,-5.36096958042101,2.56057580740779,-1.17279656256567,4.68159799712882,2.08026140372777,2.30569858002049,-7.42216548280658,2.47576374099739,4.40627613809245,13.3027006875002,-1.01080991191942,-3.99118501423484
51,5.0608653794774,-4.43677040138033,-7.99329125596635,2.05019259081122,-4.32064372457362,-1.66809430801078,8.69380949482297,2.61393222481948,2.1534000976352,2.00232203942788,9.15746022171606,-0.00591482476285516,-0.00333835082091647
52,0.693167587252009,-5.70942533483773,1.6615161554979,-0.387186597726285,1.26101488786886,0.586726795704827,1.01101337491446,0.883173131325959,0,0,0.847743308602837,-0.152158000192323,0
54,-4.65464229004511,0.719160368734716,-4.65316094101707,-6.09295974367536,-9.54880860510016,5.97073363023858,7.54201931455143,10.717658266313,4.53854297838484,2.56065789769095,17.6633401659286,-1.34030044677382,-4.74026050996485
56,-0.0685903791814784,-0.275212323863268,-1.68665771768927,-5.55260230378864,-4.30449550829951,2.46887550382685,7.86662415186834,1.55205857712698,5.98287660144814,2.7546511503817,5.34777922941295,-1.13180216972721,-3.62020759354272
57,4.98901838023584,-5.04213342499361,3.15311982835141,5.1033293918528,3.01494539655644,2.27392394193291,-6.22337870082889,-7.2688248131069,0,0,0.0304042788677297,-0.03328762033381,-0.00798012068798577
58,1.22641766414152,4.49266068254123,-3.53372757262116,5.07921637856619,-3.3668787322941,-4.30370896123301,1.49001314330813,-1.0839926024088,6.96445988242046,7.12185054324384,15.2260286301861,-1.50026801545364,-0.593909263497643
64,13.5452774756471,-9.81516988546681,-0.403129702884408,9.65284604356369,5.66876103200432,2.65762721776364,-6.41597207002433,-14.8902401106032,1.95100385039097,0.819997813216516,0.072630251346095,-1.3029962872324,-0.408326369147434
66,-0.0622774448670051,-5.66990551463322,3.31718919832197,1.32683316263991,4.20182005978875,1.71753946215691,-4.90911168144632,0.0779127580390024,0,0.000199764230018568,0.293648923545251,-0.00633368667944991,-9.20067789828512e-05
67,0.854275241624102,2.22233505967055,-1.76336639885615,1.12288345363479,0.0813024103072747,0.0585362059014086,-1.12219546905547,-1.45377050322651,0.628304552083162,1.24511960838381,0.427281391924951,0,-0.0114440574680069
71,-0.826910679332308,0.0882396329719446,0.109306727505371,2.53101630880202,4.34097458552147,-3.63328547956299,-1.58832080243536,-1.02102029347014,1.28447594872102,0.233118886452039,10.0065170586298,-0.620655323689732,-1.13542663238599
78,0.197360913370675,5.04924957868179,-0.279492494264362,-1.4545997781742,-1.70853989435602,7.8085555792783,-6.59284653811472,-3.01968736642145,1.45009011740815,0,0.00858934985558931,-0.00851029967292958,-0.00109972884407674
79,7.92632801269431,-5.84658503693992,-1.76115083018285,15.2393473163031,-5.76747206924225,-3.77255306416329,1.91511237648377,-7.93302670495292,0.1300262318354,0.677277788399701,0.126515653417864,-0.0636296514470441,-0.0362308255230649
89,13.8738665704917,3.51145775636372,1.48975604990179,10.5296416899732,7.18102526161628,-7.78821734277845,-11.9901886137642,-16.807341371804,1.24403832547537,3.21788457723943,15.3838905396386,-1.28135630212093,0
99,1.95134299579729,3.23100853782849,-4.05115088888865,-5.82210030703607,2.75938436943124,2.4379446715232,-1.49579932309537,0.989369944439862,1.83739016465577,0.994763530189411,0,-0.570714643064133,-0.000210913094511822
104,3.47888035904527,-4.03690693490315,-4.08350659589494,1.46907900766536,5.37577810508671,2.59839579287335,3.33659230624692,-8.13831204011951,0.00106864667848657,0.0580473672843618,0.00442111939636356,0,0
106,6.73328402453615,-10.040407416528,8.25517501823586,-4.50740874497847,-3.32732106997587,3.74571052726812,-1.68800394437585,0.828971605818092,2.53379445243773,4.7163058193256,12.0876446406426,-0.386704109572214,-1.19461707581677
109,2.63382754182125,0.933192941418021,4.36705229385813,-0.228063070193199,-0.244575619883897,-0.884476770227557,0.389487510454924,-6.96644482724767,1.196852293606,0.00404746657857908,5.61135576118421,-0.294464276867988,-0.915969824465225
113,-3.01583361863123,-0.818532129187227,-1.76340503688087,-1.58447162595279,-4.44314989601362,4.45908688997042,4.68077869408863,2.48552672260668,0.00374150979924178,0.213234160083325,18.4545677361811,-0.618348830059751,-1.01055039768822
129,8.82709132201303,-0.0278580621816769,-5.8847105086209,-2.52372820035766,0.245446362546359,0.168919759697641,-2.66601797299002,1.86085729989324,7.63029764801668,1.14405518153003,4.29311934930647,-1.90233763347008,-3.32701704404078
131,-0.186485904375656,-7.81844715143989,0.82010488499842,2.46860387662693,-0.431070821015637,-4.75058677522575,0.69092082084184,9.20696106958975,3.99357733154744,1.31571473606006,8.35574395300768,-4.83135361302163e-05,-1.40671623527193
141,1.77948741890304,-2.75767524254496,1.03522292948866,-4.35008122138652,2.94972401119288,4.80814718126405,-3.73405552701005,0.269230450092891,0.0141785862917984,0.801996713160481,0,-0.00103923225608679,-0.00175392327823387
144,0.916186308118354,-0.926683822866559,0.919610949481154,2.0968737049364,0.740053721427012,0.334119236536039,-5.64898062483375,1.56882052720135,0.770195775866087,0.0569590680498697,2.34222608152179,-0.0558074616195462,-0.228630438183445
147,0.432715550225882,2.22105715379936,-1.11430890852934,0.23087065487203,-1.97324435746015,0.590418449932339,0.142081095613875,-0.529589638453998,0.791861075871962,0.0510620440336586,1.02853489142531,-0.829256642274923,-0.136513654440717
148,1.16634924740193,-6.14440625060056,6.94064527074397,-0.355265967883658,9.62611619682881,-6.7991749904154,-3.48387770484169,-0.950385801233396,3.81069111819674,2.19905750141091,17.486069855797,-0.507329896913313,-1.62489602838516
153,2.4944941088986,2.22414942422379,-4.08918634668535,-4.15219501473363,0.0961372594301003,3.26855083161808,-0.361616366873284,0.519666104121687,2.29984425257962,0.00589730577991555,0.147962612295659,-1.12628255417307,-2.16929734622913
159,-0.339728912867505,-2.55035964846345,0.370654926075551,-5.09109368057849,-11.0182794622528,6.80167879167767,13.3529330599774,-1.52580507356837,4.4485417924726,0.176170179520193,4.74687106633294,-0.0201566191376561,-3.6112532999963
160,5.61675650714374,-6.15184904777001,-3.3260177346898,-0.292036967372985,-0.342880121736189,4.28203140385084,5.81348047991616,-5.59948451934175,0.000824648681265035,7.61054845759284e-05,0.00208706567782959,-0.000382021943986729,-0.119168704965052
163,5.1732493032142,-0.027535635841894,5.38121439885196,7.8066422188644,12.2830972160073,-1.29748912183473,-8.32019390524136,-20.9989844740199,3.46945427952394,0.461001934909495,11.594093466674,-1.00449520252986,-0.00146498561483506
165,6.45713732891732,-3.3270356649286,-6.61284134662628,13.0038397455256,5.15356243036832,-3.29615134440239,-6.63938568697933,-4.7391254618746,1.75467370087373,1.22636408144626,7.80068842077824,-2.00382716151996,-0.00210535177548452
166,4.48882808660901,2.62290192455708,-7.70609952583043,3.99913848291002,4.46253958431041,1.55215829607684,3.22366827591344,-12.6431351245464,1.93290570519101,0.0424187967297754,0,-2.27358139826055,-0.939488548625897
167,-1.83179876691217,10.595309089038,2.54499578110055,6.03163796444051,-12.5786553102503,-7.44520859070565,-9.37198846770599,12.0557083009951,4.33610268762027,0.645215218149049,8.69887959203919,-1.41758040352733,-0.0226380146845035
171,7.06958724413126,-1.46198031540178,2.56953899975104,-8.32539705092293,2.043009756558,-4.06889792148788,-0.276953886767358,2.45109317413964,5.73689359700045,0.589709881223766,10.4510292740928,-0.933745433025169,-4.28846630271116
177,-0.781618992633035,4.51849641785904,6.00776539606118,3.49247930489165,-17.0717077122691,-1.25194168785418,5.01822938853401,0.0682978854103979,3.19584670154449,1.84292705148609,15.2646204544799,-0.436100442617786,-0.00564175228767015
180,1.09127219261824,1.82329801272951,6.12267056163642,-8.00934926430028,0.239512482874569,-2.58394321664559,-8.05673065765981,9.37326988874694,5.6343181401892,1.93610822348044,3.11301318856091,-0.235548129071627,-2.48478851537376
181,1.62515401664613,1.978290272778,-1.48712124909038,0.286273192139202,4.83769180282756,1.31584132733558,-4.13037192470914,-4.42575743792695,0.000145654490539512,1.06044315154179,0.000421469775370422,-0.447017749561174,-0.209979944275772
182,6.31833139324261,-3.97283066916759,2.27053933456301,6.30532221303071,0.668913692799021,-9.24609762329123,0.792878117657033,-3.13705645883356,3.49958190045418,7.51778300556819,9.9985106683714,-0.36125081518155,-2.18733605025457
183,0.255122324138892,-2.57954551466327,2.58600221437933,-1.28447225077759,-1.3540192833457,1.18627123615429,1.44937716398545,-0.258735889871404,0.893693539778355,0.00221990747288838,0.00103258422774736,0,-1.00084700141675
185,4.80750656200382,-7.97998220570151,3.34160086958367,10.9831477177582,-4.63486372003171,-3.2198313529742,3.94247939279727,-7.24005726343553,4.47069499292141,5.61889167364713,8.34440858446103,-2.92427854720063,-1.46845203858676
192,10.9270167431097,-6.13101604267951,-2.92750290488846,8.25182816731373,11.0291618173408,-2.9647338196424,-10.0278160369801,-8.15693792357381,0.079268059190857,0.730189528476497,6.15982939059033,-0.960898057358181,-0.30254367492132
194,2.42835311920556,3.08967749717932,-5.76332442866618,6.10362509820903,-8.14930301865429,-5.10464833735858,4.57605692985869,2.81956314022644,0.010272642196351,0.0947856949478749,0.00272980247134544,0,-1.43643529815857
199,0.210961591409485,2.34748305527798,2.41799240595246,10.692695738311,-1.14763147165731,-18.5318000499077,5.72815898805454,-1.71786025744041,4.96905556186336,5.64928902150718,5.91018914525504,-0.265112897922357,-1.55664831313086
200,-2.82181849229732,2.94673603510699,1.59087009703258,6.23778913448846,-2.50763859995514,-2.66874501947235,2.262980585431,-5.04017374033422,0.113467744106106,0.00173469176943358,0,-1.75551310658103,-1.6888108517101
201,-0.192120259027632,-5.23481368666429,1.39240046733429,7.65880082166186,1.06075937958756,3.02544503668295,-14.4910626910486,6.78059093147391,3.42202205602753,7.74329263993184,0.0359446881809686,-0.184119967372955,-2.91980634300089
205,-0.247348175477332,8.27069906979218,-1.82040350763967,9.1975856385662,7.28473900731649,-7.04894468196065,-3.36567286105752,-12.2706544895397,2.94504989191949,0.00415548153979365,0.00765759639152366,-0.107097704755907,-1.59757106002443
214,-0.432596221687793,3.25875392118283,-1.62280828561183,2.14430515471149,-9.83027607584181,3.91203800484319,7.64604494511139,-5.07546144270747,1.20672085089525,2.71589538065611e-05,7.38026612935298,-0.975178622348123,-0.888612107266114
216,5.67611113971066,0.865731056618768,-0.721286268559207,1.20226612888376,1.50372649962941,-4.43233954607449,-3.06633323611644,-1.02787577409246,7.89725222297314,2.07422855687234,7.47949480012812,-1.94882640314336,-1.62347377335053
222,-3.53349561350297,-12.280405206964,0.738023589491429,4.14007969160166,2.31235636936605,4.28663766619034,4.86452349580017,-0.52771999198264,2.73177009531594,2.37810158054765,1.92180738044951,-0.0235208150980825,-2.99143101457537
223,10.1167356536904,-3.45355603922023,0.285104024541371,14.9968903044001,4.37250797583842,-4.24880292499551,-8.09915177080675,-13.9697272234478,0.216044474333481,0.555768105412565,0.0279461816976159,-0.0570065275622681,-0.000736368426456605
226,1.2679544262018,-0.695546784262527,0.509481370109819,-0.0313817668988143,0.34883019199511,-0.669104281958365,-0.0379647225145774,-0.692268432672446,0.633756891852562,0,0.454464228182315,-0.312885245431474,-0.279628515829231
229,2.16170352816868,3.53842948084118,3.8410113217216,0.85442579467025,1.06930698894043,-4.91509311213615,-4.74920804493843,-1.80057595726755,2.37794039375999,3.47456896754551,5.29705334948543,-1.32880451744518,-0.00236161544438516
240,-5.03268991757797,-2.73853064198922,-3.88939247510621,-8.10340328965873,-7.327633776954,5.10456295231168,15.3089506522192,6.67813649675527,4.25514690490366,1.26714694261304,18.1892525466537,-2.05859235777305,-3.65501360262748
241,6.54640326666592,-8.6555209759493,1.57404800936341,5.38888801379657,6.92726980331671,2.61137501896834,-0.630492620727676,-13.761970515434,2.17024914342722,4.59310483529694,14.7027515039264,-2.37466358253811,-2.86701023015759
252,2.74874726456371,2.5686129536067,-2.73266028569606,10.1952160330087,-18.3326867051664,-6.87003940135603,10.569019278545,1.85379086249439,4.41540149380485,4.53582982779982,15.6528219480572,-1.20868930286008,-1.59800393161711
260,1.4450302962936,10.3490583172459,2.18711860639088,9.34857718432578,-6.78607610877073,-2.28242818037265,-12.4631340995436,-1.79814601556924,5.21644052760724,2.90435151622868,0.683806269697202,-0.354016483174531,-2.03413118797018
261,8.40253598960746,-3.78490962549728,2.61755944165211,15.8802950592119,-4.9174221949377,-1.17518275793685,-12.1900042042127,-4.83287170788688,2.74455443539801,0.38364391659172,2.91687256449497,-0.690770252061265,-0.0136336074644765
262,1.36167784834466,-4.59044065350343,-0.443189613175193,-1.42667370210884,0.675769855282182,2.38566613556892,0.691897533629311,1.34529259596239,0.559567776646383,0,3.03713205561932,-0.373844295405639,-0.627742744274354
263,2.63531979906806,-0.0577465184248852,-1.44791946092941,-4.45338029280714,2.03596261766543,2.45922731107194,-0.2925331697463,-0.878930285897687,1.01795434270502,0.00506099745669829,0.00432203857100706,-1.04591500647196,-0.374809997606277
264,11.803681727964,-4.10970979468747,1.97009032088207,3.30421986671136,-0.758038594006774,-9.22837356717143,2.59149366414091,-5.5733636238327,3.86482218029276,6.27934097357467,2.07067525552573,-0.666644915674785,-1.92171972196064
285,4.80012177495107,7.76275831234112,-3.87363130877419,14.19822103953,-6.35013752403927,0.168898686496611,-7.49029733761027,-9.21593364289508,0.119904796167154,0.260454311053615,0.55726720916744,-0.221638599527283,-0.0101819202351124
289,0.0147408631560415,0.0813011988519281,0.16181718756617,-0.297204157376778,0.507715064102167,-0.700864045425764,0.142990904153001,0.0895029849732337,0,0.00815613818170268,0.100160235464785,-8.89987360780393e-05,-0.0683055020854274
294,-3.57632075685663,-6.6490586290522,3.52405156141411,-7.80939186253792,5.46958771840383,0.866898026681979,-0.331636351355101,8.50587029330193,3.91843902388335,4.43007494665699,0.0137230543298562,-0.0130212373601269,-7.26023948365355
298,-2.8301562135964,-1.035993352916,-5.77767893003958,1.69549253158597,-8.47402028124579,-3.46721024004869,12.7837742721383,7.10579221412223,7.53133953893917,2.42661151864576,8.64349300175609,-0.827617316115005,-5.69601001674297
309,5.02706243879706,-6.44383397886418,4.45125036624539,-2.78633083798216,-2.51564589691658,-5.90107009394539,8.00405945284381,0.164508549822061,5.47920799118913,3.73113314484797,12.8513660353291,-4.26809204087821,-1.34030405649218
310,-3.30249940701619,-7.9914695388898,-2.6144231315241,3.00244708024527,6.51141566644035,-1.85766481983139,12.8234330835398,-6.57123893296395,0.0354884019038027,0.105408399227132,0.0022836331273589,-0.131683666992809,-0.000431849695255194
314,7.12939411504007,-5.31481831939321,6.62533498070787,-3.67852141679193,-2.41172346137668,1.72718651905722,-0.982083851339092,-3.09476856590425,3.11310401950316,5.09185322691608,2.02342916822374,-1.9834319242962,-2.07118654589412
324,4.90113992532937,9.24465813595792,6.96623675286185,12.33455449386,0.585827265690335,-4.36019192326972,-13.3080252832766,-16.3641993671531,1.53382794547288,6.00628700985939,0.000724723449451884,-0.00385782582479968,-0.0135346267344602
325,-0.293088101837082,3.01605182018147,1.90885534731818,-0.897225737199879,-0.664535810546988,-0.221329984665246,-7.74914012711704,4.90041259386658,5.49847285801372,0.544771350130853,0.738059381867736,-0.218116222747032,-1.56686483038409
329,-0.108378441599045,-2.96857628287039,3.69550695886892,8.99358883989074,1.01175820156041,4.11828127681742,-7.90761592535835,-6.8345646273097,1.55543300104473,5.48753915982781,0.175185122375283,-0.445204689951263,-3.81397730849374
332,5.26106810230932,-6.25527671091535,9.25846865365144,0.0801139480690692,-3.29379201880136,-5.70908505181091,-8.47033296754283,9.12883604504062,2.76674623248351,5.54455366434857,11.364502329128,-0.0127659357996383,-1.19657658578164
333,0.541974482327422,-0.525876349922862,0.91877905547398,-2.95198830878631,0.855755321097552,5.67432242041233,2.22989730720254,-6.74286392780466,0.00323883734294665,0.0126281939079089,13.6427866060525,-0.00569946049093846,-7.40769543485119e-05
354,0.39336024518347,0.361246893073751,-0.312956507416336,0.755523820489945,0.0282269392672839,-0.655509467607992,0.187033221451675,-0.756925144441797,0.576455387591701,0,1.73579002923341,-0.498161998737001,0
355,4.32875431250342,3.24782085011686,-2.20117226991655,-2.28861460418818,2.24643558691891,2.29373031432694,-7.76620337902195,0.139249189260559,2.26539291247174,0.653917678120472,0.0046183677841453,-1.13698557724731,-2.27318602288541
366,-4.99214445462426,-1.25013905369424,3.19934998668834,3.45424954200289,-8.21713525535244,0.512132328225107,0.393486409056608,6.90020049769799,4.79878173465967,0.343435678562798,16.1638193470519,-0.139010017979034,-2.60726966774912
367,-0.946457766845681,-2.2905844896238,-0.789732913776893,7.24309879784176,4.17750127329923,-1.01046182950928,-9.69644812693064,3.3130850555453,0.989387680617195,6.42775142087133,1.46068411327723,-1.36175112826347,-4.20070044937964
377,9.93504117121596,-5.95833221960527,-2.93475353893966,3.51062010060058,-2.23239144797458,3.04319579113135,-2.83027329475768,-2.5331065616707,2.46624527217267,3.28254487905473,0.908792510865333,-3.46908223253901,-1.92001544975556
380,2.87605931334831,8.23369347525083,-9.90001710589025,5.74412573116814,2.41592525830605,3.20734491535971,-8.93429288803443,-3.64283869950835,2.63017655076456,1.4633420813116,0.355798941052385,-1.01831050338733,-0.0588260744199984
382,0.8776284482107,-2.96294193907352,1.17120449238696,-1.97143298629448,-1.14023927984734,-3.59471008498942,5.24842228963825,2.37206905996885,0.938815794148588,0.675736502437251,1.77878832424953,-0.632891737377182,0
386,2.95380165297768,-0.74186695175836,1.31953044375299,1.40104420960809,2.93124306383109,-1.68631207103054,-8.82823371676339,2.65079336938243,0.417029193484648,1.35283923276842,2.2243494268273,-0.439548791474938,0
398,1.40815600797365,-6.37304316234197,-2.20312038065397,0.165849181169891,1.28070269726939,-3.4127804323039,-2.91904563844543,12.0532817273323,3.31693944357483,2.72069390494198,9.64987159113043,-2.8778468055757,-0.0038714036853686
401,-0.514135958988053,-0.0260202561428109,-0.45851362045264,0.599144229800541,-0.0753959877556563,0.114050538238743,0.387148424175751,-0.0262773688758748,0,0.488466354063978,1.13988137579759,0,0
402,1.28523313858402,-0.0778969172282756,-1.72806419860422,6.98843187899612,-4.87687284959797,-0.114266293608594,-5.0426922348403,3.5661274762992,7.59039470687423,3.08160548258704,11.0327364327623,-1.89704371107958,-3.77938005384993
410,1.91625426583762,1.03819932081197,1.19978165526166,2.05933228104153,3.60666105007634,-4.78642094943067,0.184339139339946,-5.2181467629384,0.650924666638723,0.00541071050351365,2.62603771583111,-4.61932936391685e-07,-0.000371074399822907
411,2.57057148264043,-15.0181886810508,4.28663268815893,1.95683743195735,6.71765251444736,-1.22219486195268,1.45378403116698,-0.745094605367587,5.40779240412343,0.904315483560068,11.2307332435338,-2.41121323563096,-1.8637025400406
413,-1.86467279191278,-2.50604638739866,-2.51768183319364,4.78379141658705,-5.21798470465878,-2.47404342752183,7.93408679739965,1.86255093069899,1.28028790595618,2.07203620026269,0.00120752360534284,-1.50439265145451,-0.19171017509509
420,0.330407054981179,7.89445791791307,4.05934891313954,6.47478086464952,-0.321019930335245,-6.80345538426857,-4.17901614711769,-7.45550328896179,2.00439225376281,6.67078450193706,14.021123074584,-1.06411965943648,-0.060904482833553
432,1.03839925086475,-8.1444724440677,-8.14171451292673,2.71209059779293,-5.12575394360288,-0.668649067530717,7.73542456332343,10.5946755561469,4.25032181223871,3.241190115085,6.32526870990924,-0.0314349628730776,-2.88238162224345
446,7.62694137596262,12.9492234304847,0.697984563999483,-0.0719970225183386,6.94226007007302,-1.24308888008575,-16.176216826092,-10.7251067118237,1.95989477149626,1.27157481473412,0.204835638530491,-0.682905166302384,-0.000848280967134426
448,2.32572558638308,-4.68633851317571,4.86007176867733,0.732335620404571,4.60958851661835,-0.93738579785896,0.883597247196461,-7.78759442824512,4.67789063572704,2.10937050356522,17.7288857189622,-4.48463873430597,-1.79779202327781
451,-3.84226781115817,2.17987698341427,0.132377799793291,1.38806396625359,1.09928589727159,-2.74151620338113,0.482714777027861,1.3014645907787,0.00279324933319186,0.0236495482511313,0.00098094702787899,0,-0.327346735536527
452,1.19202559345156,-6.37281692622765,3.88355704774379,-0.853927546379154,1.86002154778015,-0.439749979753661,-0.0947565532728781,0.82564681665784,0.364938403832878,0.000605753274667794,0.00706719056223271,0,-0.920933618951951
465,-1.00724092581478,-4.07655119548431,3.46706645514952,-2.46096003227663,-0.165571828516456,-2.45984570749893,1.98960890953179,4.7134943249098,5.176145662745,3.50283886277824,22.3934882291995,-1.71021492920109,-3.26367675825218
466,5.16035380325664,-3.76205031770373,2.64334683583726,2.91272473174145,-6.73779633458982,-8.72416262097965,0.524600147309309,7.98298375512854,6.17073521930867,4.47349314034488,0.387448665519168,-0.417777865788786,-0.850756876046211
478,-0.523158865534741,2.18411468562274,-0.0539962717177165,0.420907722367789,0.98902925206148,-0.467525980469478,-4.04747597394215,1.49810543161207,0.000551081309539828,0.00508094946481242,0,0,0
479,-0.882545601408386,-0.628696598618368,0.683643372235619,0.967637788413786,-0.688647148401716,0.203033433315138,0.186939021971659,0.158635732492268,0.000593942072984745,0.00121013954386459,0,0,0
500,1.12120509773232,5.30238812114026,-1.15837158257105,0.331992403299625,-9.01093060806819,-7.20186733892124,7.04965271886233,3.56593118852594,8.76784026709535,1.97972569355156,10.4837377669692,-2.33819298127524,-1.14054521683217
502,1.54227598101584,2.40654498380267,-0.716399950697921,0.438365179270379,-1.28440032571774,0.462795792377287,2.00476923195302,-4.85395089200354,0,0,0,-0.515913065821621,-0.000881519850160436
505,2.89315651127939,2.31108651405295,3.53833819636833,2.36030336732811,3.41779426974568,1.46219893880473,-13.4826894924709,-2.50018830510825,0,0.406895569308759,0.00194724999279777,-0.17074530666031,-0.0103924404091967
506,6.65820806933253,-0.566110011366233,2.90339332237021,-3.35683684507589,-3.09828727334721,-4.81622074213348,8.0861165311885,-5.81026305096842,0.000701196168391027,0.00414706397509008,0,-0.000407098354939915,-0.0133087330688585
524,-0.356846816520288,5.00858605393334,-1.16494699997721,2.39057321293174,-16.6214694591148,0.227992240905181,-0.222350624275944,10.738462392118,1.65586158300341,4.10402874921949,14.9627073911338,-0.0026718555513015,-3.08174206600029
532,5.39249923155943,-11.0007456639147,3.17970641604633,3.23629640801743,3.92311099811,-0.0151860132609715,0.197254319970347,-4.91293569652783,5.52332423083869,0.538537281201865,5.23332483810804,-1.65876761105368,-0.639569463505456
534,-2.39348840869045,2.96147961324148,5.32161951303449,3.0196848561121,-10.5608988600117,-8.82612209710524,-0.114338505515445,10.5920638889347,5.28327259843584,4.52750819413966,0.011394738255188,-0.00154866798224806,-1.46833885187418
535,8.9452634861362,-11.0802819815614,-1.5077813224143,-3.22203695672295,-0.79702480144158,-0.482902229212489,15.7012774466301,-7.55651364141359,0.0337248167134773,1.20570157453926,2.32477189189327,-0.00336376825030944,-0.871220981177174
589,3.30008883328884,4.57668743931524,-5.27585404529087,2.28955615306859,4.86015729326721,-1.51941628878285,-13.441285757004,5.21006637213781,1.64871959930837,2.52178037641479,6.99892989542978,-0.418440902001261,-0.0238152276728906
590,-3.36907971663764,9.14445377579062,0.317383520321982,-4.36893421419976,-3.57776206323857,-3.94516872378867,-1.00619466252089,6.80530208427292,6.25758334581281,4.37669834043248,1.87681874145251,-0.847750197291174,-4.67842531562412
591,0.691974919837433,0.593860127835163,2.13024042000594,-2.21507354998028,6.75553555115658,-4.65624977456126,-5.1412663753445,1.84097868105092,5.52874998481156,4.10124514144729,13.066434832985,-1.30500851169421,-3.58427143236889
593,-1.2997316832533,4.38066404980801,0.402716805409958,2.49653656914336,-1.52247678965931,1.13795834008814,1.68778033217938,-7.28344762371623,0.381750582876154,0.0018331419903413,4.36961181808817,-0.00981027958454397,0
595,3.77819090480411,1.0023039802285,-1.25946123462959,-4.4078947151668,0.169529729268837,-1.96263188888548,1.86357958242999,0.816383641950425,0.345965908821511,0.877922283357971,1.86969509532148,0,0
599,-0.630994086928306,-0.870825056419705,-2.13937391171913,-0.468486374813451,-0.970590753553046,-2.01995251907666,3.37434093608994,3.72588176642036,1.00698977233733,0.00436711101778392,1.95969095393115,-0.769592870782005,-0.710743287619503
600,10.9684328244395,-1.90487906618715,2.75279504035955,-9.23705957147501,-9.1171270762698,8.62532544073626,-3.7391413558415,1.65165376423815,2.31544136389299,0.0187730862823706,0.0188080839939612,-1.08916450651838,-0.601789631291231
603,1.22869980107361,1.25094311264928,1.57255191381822,-0.371463579178139,0.738659975941048,0.675617217825804,-0.137570225789809,-4.95743821634001,0.117945905613747,0.0129846909553893,0,-0.174439000575575,0
605,-1.19113596303577,13.5806984105935,4.120928887217,-3.58170009879663,-12.7700133267157,-4.88042234467229,3.44316721924563,1.27847721616426,5.2361060211741,0.654696188896543,6.75534760021148,-0.0251776271190172,-0.0279566320838266
606,0.438144197459709,-6.63049350620099,1.39415969591836,0.772525928952864,-1.32481689506308,1.59361626143968,1.51466612419527,2.24219819329818,0,0.289282479276141,1.07937175916831,-0.46106386339616,-0.725558959289494
607,-0.799397936383719,2.39800951091074,5.33331262927905,1.54508944418358,-10.3790939396916,-15.3844512229104,2.94485214988103,14.3416793647313,6.18246720902934,3.08581992241216,2.64585753098809,-0.0154494044897572,-1.65824134122963
608,-1.73855189525686,-7.3980092871173,-1.94590116207437,-4.83890901280609,-0.893627169414117,0.578496142518325,17.6407672966201,-1.40426491246969,0.02077086158098,3.5325283191034,0.170476427021285,-0.09691695298795,-0.777443748706602
610,1.14955264971317,-0.870649250865561,0.735044145256239,2.71355084867774,-6.38649078778373,-0.395943447640094,1.00357782298284,2.0513580196594,0.44569497002521,0.373916629118898,1.95548022547827,-0.00106854294115019,-0.334051019251488
612,-2.50790755234303,1.57639671624155,4.66496135094039,6.94214047501382,-4.08300125369526,-4.91444483542497,9.41451162051719,-11.0926565212497,5.11126894892873,0.0111380625275179,3.06612219534334,-2.45061820081978,-0.0488619302467042
613,-0.682148649819999,-5.07904640428579,-1.83821992306689,-0.765178252858803,-2.83123568645266,3.43113025826019,4.05308431793231,3.71161434029164,0.125002787185144,6.34137672099027,0.0523190814475362,-0.0607747649761999,-2.19481400152406
614,2.79392189754331,3.25721690635264,-4.80008538061719,6.23949099205976,-1.86568744645999,-10.2568309207931,-1.58076502988295,6.2127389817975,4.16829454937094,0.277824834742163,14.6164028743189,-2.54700675532318,-1.42250423866696
617,7.22173381018095,2.7551766861372,1.11188649671869,10.8164974318224,-2.67245370923433,-8.76853656676003,-9.30280942054071,-1.16149472832414,4.15711544370841,4.79003431651304,15.4643678433068,-0.0478316687391492,-2.08318646455027
623,-0.303636031346495,1.27128014580239,-2.96941335134786,-1.24290264614491,-2.11423109079695,-2.03322314515516,9.08822915119153,-1.69610303220254,1.80091885048683,0.934926798601663,6.89604275178858,-1.50743853542183,-0.0265154207026526
624,0.921756808441582,1.17865918383052,1.48714261377341,2.65936518406895,-4.2859700279056,1.07676466871481,-3.83142787418433,0.793709443260659,0,0.472093227614707,0.000254223233216847,-0.0120441136040816,0
628,-4.03195120733241,5.67243430525934,1.59746431138468,-5.35788908704092,-2.66504351617779,-7.81854221145863,1.63304824825475,10.970479157111,5.47034695482391,1.47307302948758,6.40385045497724,-0.0323197780518365,-0.0412895539111947
635,1.04001234122421,0.915255753306271,2.3473641159384,16.4432488267696,-13.6388302067859,-13.3814494273599,8.20214043524929,-1.92774183834199,5.10396218804106,6.01142554460376,7.69831963596424,-0.762250455683287,-0.939396260466
636,0.644295656495981,5.77798711088503,-4.46752749680745,11.4248839276092,-6.48735062700631,-4.94443552986649,-0.326518041744635,-1.62133499956531,0.000830263774251193,1.37980887978632,0.0797280536698609,-0.001238944062414,-5.07439588697333e-05
638,-1.03436369984946,-1.42503939715492,0.684222909457123,3.74439018944992,2.65621550951581,3.32720919974887,-2.90518919854424,-5.0474455126231,3.79479517807574,3.16750141317668,3.2304599556289,-0.506524906196387,-0.10932886744056
640,3.42240202511136,-2.13225882129586,1.63378976905346,-1.36603803584681,0.166873975845754,-5.85628489560607,3.428446945017,0.703069037721163,6.67684257773425,6.33664743541519,20.6645724590134,-2.76069491193839,-3.81139914962751
647,2.77732675305958,-8.56604942919183,9.73572511756142,9.05233483598767,3.70638628305594,-9.41703040531754,-3.66531439524545,-3.6233787599098,5.24695840845259,5.71732254362845,11.4235666915605,-2.55493423386498,-0.941369435934406
660,-2.85803951648509,-1.60213199132003,-2.04859558053849,-6.58182994556419,-4.92295031879312,0.178533934972633,20.8003729000428,-2.96535948231448,2.59866290023215,0.296760859391666,1.74368227309517,-0.959874759508981,-1.11840122139408
662,0.962755595701766,-0.959344421849188,2.87085031476287,2.04703564839879,0.658203963662878,-2.02253362055697,-2.6103884416607,-0.946579038459443,1.24765001611602,1.62998898561843,3.01985536863614,-0.651238600545389,-0.878498473243256
664,2.55942661054059,0.560574792642832,0.0963542137754425,0.935349498140865,0.236978988245028,-0.51745150804224,-3.68823944047885,-0.182993154823669,0.301555803620799,0.00238657706348498,0.0441381740815524,-0.000538873652804384,-2.16895163740313e-05
666,-0.400081101798618,-0.482832055532988,1.64879393053047,2.69913329221591,-0.023699743984405,-0.514086318537132,-2.32096868869306,-0.606259314200175,3.19243530552486,1.66574711924829,5.77800899572512,-0.047485126846882,-1.49934120702689
668,0.912310471898698,14.4588508511847,5.05319232417306,0.331549776979391,-10.0204906210327,-5.10366671146745,-10.1147345728566,4.48298848112096,2.117703079839,4.53165467670543,1.05958366412871,-0.0165341749788564,-1.8466711279587
670,-5.58461565796294,-2.07871181420522,-0.265580395546906,6.58568585798881,-0.0549242466706885,-7.48121139275384,1.65384259831181,7.22551505083897,7.24984096607562,0.146388687038855,14.9569630033176,-0.545533179627315,-3.55509598703207
671,4.85073027542175,11.6885997848591,-4.67276680284315,7.23657633371506,7.29206639563301,-1.9317575202928,-13.2234094632193,-11.2400390032737,1.42104663081144,2.55875441361781,4.65720745474897,-0.119190547676559,-1.89938516720182
718,0.785819269180448,-9.40219298009829,8.23832944435046,9.41162704246786,-7.61073188266156,-4.48742035895198,3.4718516393989,-0.407282173685848,4.92073116462175,1.3989655374472,5.90900041919207,-1.74893106116374,-0.126873622908057
721,4.16408071536071,-5.66318027706649,6.08600893509695,-4.56132946372576,5.48601323102906,-3.30034055734455,1.75269442852527,-3.96394701187518,5.41924881295262,2.52102817812373,7.0562806114326,-0.76401507204968,-0.365094023321388
787,1.03112702934539,1.81808626598391,-4.36192952518455,1.88832840707186,-0.591240569212217,0.35529049755403,0.0402415785071063,-0.179903684065537,0.280219151941084,0.290841392214547,1.0969148718659,0,-3.79715292284668e-05
789,4.59470092183753,-5.82432941330537,2.56783075367675,2.06729035913694,0.748094270822679,-2.41452119426368,-2.2835416185662,0.544475920661352,1.79641179215092,7.00153873444041,3.66281907898828,-0.0523358153348829,-4.15858461123041
790,1.07883141795533,-2.42574204603712,-3.41931232200121,1.29560911597378,-0.405149637025838,2.40891603980723,5.15616685082092,-3.68931941949309,0.504856474299883,0.58855278158052,0.706121241277684,-0.119150255347487,-4.82096256455772
795,8.61782663058942,-3.47177061957939,-1.13598373258951,3.82043222656586,14.2401337836274,-0.940159880872652,-9.74667359533476,-11.3838048124064,0.0168880185892972,0.0758788329513916,0.265194708329354,-0.146892885740437,-0.096138078403705
801,2.33923785175899,4.44836530669805,0.811678994393085,2.68823817911897,0.560025366330972,1.73483613121196,-13.4420202699299,0.85963844041782,0.312883227713998,0,0.656978285568833,-0.364588239640989,-0.00296485654213836
802,3.3002053594275,-12.4029448352002,-4.33062778359471,-0.78248776110831,-14.212890276698,4.77437079168484,27.1375600260808,-3.48318552059188,2.08943574252635,2.39882220540281,5.35018669802067,-1.0238486689533,-1.00639939742821
803,1.66264241670338,-4.86050037597688,8.24377238973473,14.810982334111,4.55055967675491,-4.40961364226721,-9.18658662833831,-10.8112561707217,0.216072307369859,0.046330340268413,0.0978481871500605,-0.0899880289131958,0
804,8.753561302652,-2.86291273172387,-0.465134061462175,6.87529570069881,6.21297203190346,4.19552969968457,-19.7957295179707,-2.91358242378206,3.56912061502402,2.00788332615268e-05,6.4599198648801,-2.1338177913212,-0.542142572389828
807,1.47376505599145,-0.554513122271131,0.733835006303125,-5.65461442947494,-8.51750127877206,2.49192661258753,2.38402731609569,7.64307483954034,4.7482001255744,0.17471788172861,15.5938239320151,-1.25576479867766,-4.65680374423928
808,3.44897629994242,1.16806694082617,-5.38274352380336,1.38875763484943,0.754027546256359,-0.0168950993069258,-0.722951725977725,-0.637238072786367,0.81676469042062,1.84380648080016,1.05912759185342,0,-0.389212191418512
809,5.12295333371079,-2.43603958898807,-1.96388158409863,3.65481732785209,-1.75580949774438,0.552281493201887,-1.07906081134946,-2.09526067258422,1.7198117054906,2.27424639914224,6.99113286808815,-0.0443549167020029,-0.544277398018814
812,0.799547805547217,-1.42744565298559,8.23677482476713,1.31025846219943,7.48942799794223,-0.693765849942039,-1.73436955855245,-13.9804280289759,1.94956223082687,0.0102541944155184,0.00203927631532775,-0.00231745136085163,-0.00149434687641053
813,-8.88263057841661,0.298651918763494,2.55765069670844,6.64336529836262,-0.607935616561736,1.86939296227072,-1.14830294762745,-0.73019173349948,0.547652502524164,2.04508999844398,2.18419873863739,-1.72236343475577,-0.0057141551236473
815,1.61794307629961,10.0486631984209,-9.98774561627466,-1.60782750597328,1.22314145547307,6.06535284884277,-10.6920361361967,3.33250867940826,3.27942201624208,0.00700504547601156,0.230052515884025,-0.00419691267777126,-3.02095583680354
816,-3.139389733212,1.8309905989003,0.7773075703673,2.97029110016362,3.23575203682404,0.430396606046484,-6.57628573292915,0.470937553839415,0.0499647314228908,0.0600126044897336,3.29802653002439,0,0
817,-1.60325962210916,6.22341855234519,0.0692974408055593,5.00388987522592,-0.813054193590461,-9.83325875989797,-2.8418908681481,3.79485757536902,2.16121697579896,7.23392137673025,14.2329891895724,-1.41423793634945,-0.255567398054261
819,7.72754069908088,-5.69956178441647,4.90985679909989,6.73530520271985,2.74440304850603,2.00303114430953,-8.40321368182718,-10.0173614274725,2.55510354150003,0.0124903974335903,0.00057496147541992,-0.632535480527535,-0.49340845653454
822,4.40854882952387,-10.5874199393959,-1.78950597388065,-5.04510213675632,-8.10006724923303,-0.851055168667328,4.91338951601499,17.0512121223943,4.86480560825835,0.266222706063462,18.1374604671146,-1.65374249919314,-3.75878849655893
866,-0.523392541747066,1.37624625197289,-5.35611457468285,-0.807948280513591,0.878661866126719,0.369393699642635,3.42959827124177,0.633555307959506,0.909710400676673,0.000723665873826825,2.36720893441411,-0.00464024668017877,0
867,-5.26888988641168,1.44211050890675,1.59691689780303,2.64300667996842,0.578607354686816,0.946747982194339,3.07874449029462,-5.0172440274423,0,0.00010311773914338,0.0377563070218684,0,0
868,1.6378534568804,-0.321032437371427,1.97935741459624,1.5902037708109,-4.97951317707903,2.378203672002,0.708809608254504,-2.99388230809359,0.470036675646332,0.438021133225432,1.77756996377086,0,-0.440721777146814
884,0.309338758199167,-5.08422893676527,0.180533725099682,-8.41509019421701,-4.8262324130213,2.79963252806685,3.86925037759064,11.1667961550472,2.44748290678924,3.57816645460818,12.2623841679295,-0.0129301885680472,-4.34610422835989
885,-4.32741347295637,1.49398083782896,-1.82418718266532,-5.23818044479963,-10.1747797823235,1.71376518367233,17.3880842296895,0.968730631554079,2.51494865791885,0.322712671950187,16.5672033393207,-1.58155944547579,-0.842720317315916
886,1.55282048442313,12.8130341817788,-3.69357718469873,5.52070508141895,-9.59264879151885,2.62151534377667,-17.5670289470803,8.34517983190037,1.83933654284746,1.4859582825787,0.00801391471907711,-0.303501390741677,-4.56762363924521
887,4.47236122464312,-6.94851532777417,1.15678697905097,2.44026756165744,-3.32139686557613,0.316012797423364,0.865099333319468,1.01938429725594,0.0679423810877008,0.0486397708793722,0.199707472798264,-0.0140044189568163,-0.0650934709916745
890,-4.68335818293078,14.9312035721637,6.03457674204379,2.02731878548024,-4.85389645041194,-4.79483506891534,-9.49624604206365,0.835236644633985,0.327524853447072,0.697271630815618,0.413708136251139,-0.0146804780944651,-0.00692270556796639
891,-0.0493236897072107,0.453108539818608,0.0792478200588707,0.843386256761801,0.927020245730455,-4.16396705241188,2.12221168847372,-0.211683808724361,0.000282600601233361,0.70858473390302,0.330544476929822,-0.0117295541877423,-0.000393642362759464
892,7.93151451321514,2.94299563401431,-3.13201625512568,1.90177655941957,-5.46661113347024,0.291563049622415,-2.3039961428475,-2.16522622482801,7.08533512053122,0.696662724321731,8.30901860130112,-1.95759174039862,-3.9979388902432
893,2.82815771918398,1.15046467817941,-5.13653394118384,0.638649857457482,-0.839620020219128,2.47608293349244,-3.31024919177261,2.19304796486227,6.32984656480855,2.19349471656446,11.6607979565884,-1.1186286311723,-1.1863627308368
894,9.32036259072513,-2.69116907941463,-4.20956290939744,11.9890716530089,-5.47751786064127,-1.14712372267692,-1.02300855527291,-6.76105211633088,0.716392185172287,1.34098312403699,3.22999561680394,-0.0640821449158994,-2.3113904909839
896,0.873946624939152,0.918299237980396,-5.91695868128331,1.97543650209685,6.77931976258468,-2.27215197995889,10.8858736329194,-13.2437650992782,3.81767704703851,2.0009291239811,4.03115295678002,-1.61399571576228,-2.26956969149489
897,1.19776655744064,-6.01150150431751,12.8889793485314,10.6751550515553,2.63454927149772,2.0132749647144,-16.7737940895054,-6.62442959991657,2.11416762045845,0.696108433958761,0.0926220842296876,-1.32084454688953,-0.0130905682668008
898,4.84838894424842,-11.311678495816,3.85547041288209,6.23464642438016,-3.15975192059204,-5.85989945795236,10.2543544636233,-4.86153037077357,5.26423391520704,8.14107070134964,6.14071528708085,-0.0745096571221363,-2.48753688226888
899,4.49252965100842,0.0764293338370628,4.03460990312758,0.606656105791217,-4.00958816196083,-5.47351803231935,0.377973047190995,-0.105091846675086,0.08955057497197,0.978901487110051,0,-1.97017130920154e-05,-0.288405476376257
900,11.7072106248318,-5.30488490107619,-2.30800273292019,5.81414925779832,-0.97049055976461,-3.49842703631044,5.22579998067819,-10.6653546332369,0.0415610716997359,0.112300758959103,0.533751172688617,-0.0160576334183151,-0.00421208627643638
903,-4.83935244480495,-1.0975728491462,-8.97920367225965,-7.00239187399604,-9.73367322248174,5.21753362729419,12.5568172365271,13.8778431988673,4.65378720404894,0.0511626019133887,20.1800403419501,-0.0276497334097673,-3.90914986601214
904,-4.16168637383147,8.77629729782211,4.16954757699351,-6.5110137139344,0.0358187870239256,-4.02344751487025,-9.59311537170712,11.3075993125037,5.20344047840662,3.00326665742028,4.76085912111862,-0.0292880191887405,-3.60240209757151
905,-1.16842091148645,0.210907536455067,-0.402669062177776,-0.38374270651085,0.23327956131516,0.221208796425363,1.32905215459972,-0.0396153686202334,0.0175360342393353,0.226423954294781,0.00252948224856907,-0.489965156897139,-0.257705326494349
906,-5.85324515580141,-6.06283643326447,11.286705254327,-6.91097270675419,4.98711656762704,4.19167066437706,0.35696003371558,-1.99539822422661,0.234486370715421,0.0186429044638128,0.114489004796014,-0.479357968780008,-0.344278427405793
907,-5.9697336232346,-2.48337830774377,2.83055659627654,1.17008418040662,-5.27539712722344,14.2377425766393,-1.0845349267979,-3.42533936832275,2.07300646811104,0.00107657099244338,7.04181785523022,-0.100722857828087,-2.60811117012577
908,11.9330263896976,-1.23284349591861,-5.49049111629039,7.98025946680982,8.52423479456543,-7.11059766551415,-4.9830733618261,-9.62051501152361,2.55924300437635,5.11000814894015,10.8922438340243,-0.010297352767761,-0.00533191532859951
909,-1.35178603308634,10.5908214953219,10.1480888679683,2.46353548483179,-6.01430556425306,-7.25999848535178,-9.76620245943795,1.18984669400709,2.37208932039084,0.799477903382328,2.78161353200018,-0.000122425953115806,-0.019126056091806
910,-0.610035076986173,-2.48466043981041,-2.69377597624725,-0.630475947267729,-1.98616669984008,2.60180753750755,6.79874643528094,-0.995439832636849,1.40139357665625,1.75022483859168,4.31556600835598,-0.791279108158171,-0.0142923762192722
911,-0.711370100296799,-1.29543296698386,0.674016883305456,-2.05101519992184,1.94474942093053,0.133357986944654,1.86694487591075,-0.561250899888891,0.420807814002199,0,0.00708453589751714,0,-0.953274210916133
912,-1.64274017784509,15.8471052280911,4.31069755461624,5.82015441351388,2.70078022625172,-5.72230390233,-11.8890407088234,-9.4246526334745,0.835114506963138,0.0347922558889761,3.20144875145772,-0.00679972396530554,0
913,-2.23259933537698,3.96076888613343,0.775921204423874,4.49097581548437,-9.59478348486061,-0.403484267691548,-10.12569070391,13.1288918857975,5.06100170977251,5.33019108612379,1.72395860903446,-0.0565250556196559,-5.39944831193952
914,-3.90012629871416,9.25832860547183,-1.11384321537537,-11.8999442702304,-6.53289084411472,-0.104380051961132,6.82224455472467,7.47061152019925,4.90643897285373,2.34771805568479,6.70758067919641,-1.26826200974746,-3.38048048646571
915,7.4406056446855,-6.55818668538246,-6.78112555310945,11.3428539101754,-1.70291820752193,-4.95222775175554,15.0655126941305,-13.854514051222,1.20886309038589,2.06397488856485,12.3976708195678,-2.23248541160301,-0.00016937299045852
917,7.41900512377909,-3.55327509583398,4.36318040687775,7.28648477795355,6.42498209405581,-1.39496340971745,-15.2340440713204,-5.31136982579437,3.11056408025254,0.39536692118111,8.83575126756162,-1.28476713446203,-1.41314727842087
918,1.95917695736573,-7.04651757197171,-0.0176639628987292,-0.686190117909606,-4.57964638229505,2.69922790522229,7.33695670899477,0.334656463492296,2.27710515874236,0.38104394085549,0.0845652961603812,-0.0752548972689716,-5.28970792360395
919,2.49247999981629,-15.6154047499769,-2.88858851013091,3.9919972735293,5.48521535135144,5.03840151932621,-0.308272992462063,1.80417210854666,2.82173065173016,0.724677464704498,5.75479208654442,-2.99657420875415,-2.81918260769752
956,-0.217294067143632,0.0272739425210838,0.59305150855641,1.2128218743373,0.791186229485058,-0.789971833633452,-0.794059096364977,-0.823008557757791,0.295429404675723,0.503618199702861,0.344095234588888,-0.0184399432125436,0
957,2.52200284079906,-0.190284747368306,-2.65584762271868,0.334167873126311,0.102197504209045,-0.831639511573692,-1.23015314790873,1.94955681143499,0.644864175502226,1.3117321158504,2.28332694073345,-0.128821633014217,-0.293921294554481
958,9.35673463662996,-6.4579658620133,1.37314579235648,-3.32940309476648,5.53350425624004,-3.70009910583144,-3.37851601550106,0.602599392885802,3.12568311099621,4.33575667146367,13.6900854488144,-3.17070843359898,-0.613798144924789
963,9.71190044223456,-8.86192091422002,-3.74856243134469,5.21099571126989,0.0690652384127286,-3.61265175838859,3.36014757493486,-2.12897386289874,4.17472172046612,5.63429902298963,13.0259890998986,-3.71913249605091,-2.34295410350941
964,2.08256390679803,0.064220543524211,0.421746581121756,-4.04566639658654,0.423715353345385,1.13026103623505,0.160718297012566,-0.237559321450459,0.534709067522044,0.644941502613279,0.00440033753659668,-0.159809452518634,-1.05406365710251e-05
965,10.7807411635045,2.58635084556752,2.44660603019387,7.26496295932758,6.98378813908629,-2.1538467911891,-9.43849596214805,-18.4701063843426,1.28456783939379,0.0292674213433676,1.84083066348743,-0.000815658324689888,0
966,8.53910293983383,-4.59194438086,-6.45037786355728,-1.4095675920957,0.0635338557545201,-3.20088481444816,0.109319497059882,6.9408183583129,5.07959973680848,1.24940006917794,0.869060976659437,-2.90247590334364,-3.22494588582669
968,7.80233099910871,-12.835742406002,1.43499108001637,11.337134797599,-3.26681500674514,-6.84954267493986,9.34543379303844,-6.96779058207557,1.19251148312375,0.710400479808929,9.54041903869262,-0.000186057281609467,-0.0520627436674881
970,1.24986893952806,-0.00964664858775194,0.719641490764864,-2.99349824228761,2.13631862206886,1.29882943991372,-4.06699857656124,1.6654849751611,0,0.34833291023008,0,0,-0.0144435084602218
975,8.44200725203316,9.7199214751588,-3.43188959210288,2.69421638668449,-0.922017533771672,-11.1445965415594,-2.38879312296287,-2.96884832347968,3.32759502368387,4.25987620094832,0.950685122332978,-0.933669865873257,-0.00993470982534381
976,7.60214520270827,-7.78925566070157,-6.01535290136701,-2.63129579880906,1.56397394878706,-4.92677641265434,6.36999291576514,5.8265687062715,3.49100323879364,3.37187859735913,21.6713374646153,-0.0753658198113901,-0.934889576201947
977,3.56899627414058,3.85500664758885,0.0153063556746837,2.50388265522286,-0.178823217197727,-4.12594140600643,-5.59437372026284,-0.0440535891599697,7.94301059735585,3.36735333008657,4.32572950860158,-1.47336219421501,-2.12448179329443
978,-1.69958614365851,-1.64191648268091,-1.87986299680197,-10.006477645912,2.40764418378314,-1.34971912744663,1.64653173480695,12.5233864779099,4.94687614847624,0.803226027699369,14.8073367119929,-0.0938412076114811,-2.45786750264165
979,5.17570460103586,13.4369116434069,-1.23681210008304,3.73951974531336,-5.9066477828405,-9.16264047271391,-1.81122589800089,-4.23480973611779,4.18827527548817,7.33148500641397,10.1104424415779,-1.44724036286787,-0.105848020231845
980,1.95547929122158,3.06645688599106,2.30754259261386,1.0033525577648,1.50688422349455,2.01164965447307,-15.7155288074088,3.86416360184989,0.412642716347566,0.339359529159094,0,-0.0301485822118381,-0.364696313615255
982,7.50671575359218,3.31026332178277,-0.497432160614456,5.64354240171684,-5.31708182872128,-8.47292311543831,-4.14204354485172,1.96895917253399,7.08555381421866,3.51537734318143,4.90897087795385,-2.47407164865542,-2.38145495231671
983,0.462517658092185,-1.08048209608416,-4.20292963620919,-2.10751401743629,-14.8889408525609,-1.23748189181806,21.6511651878753,1.4036656481412,4.63129004076159,0.108493372447165,12.4164286512454,-1.82570957479525,-0.551325769741937
986,-4.78874433624011,-1.75074261832708,3.33851945523893,5.43497512270598,-5.27422339228221,-6.49323738676205,7.0471249598,2.48632819586653,5.52369036128857,6.91977920745088,11.2241081600615,-1.06483418064881,-2.89504222493527
989,-0.926537412701161,0.744302193488927,-0.337810270382427,-1.227081617782,0.156687480761913,0.590216857017702,1.79356754116155,-0.793344771564505,0.494985829167655,0.434533964888031,2.88764157043062,0,-0.000910233762827111
991,2.86548946181894,1.80895469467066,2.56497304692465,-0.596048747068794,-5.03853821308856,-4.74575350502585,2.84767740649664,0.293245855272321,5.08700665636211,1.78763624103703,21.1344023906713,-1.41575918462153,-1.20115540521819
992,7.38060040197527,0.857405674435743,-5.53022637283702,5.89304152003787,-3.11693476260431,-9.10740607362322,3.36337585396221,0.260143758653454,7.79169763217759,3.29903032973124,15.834683062599,-1.90551941192484,-1.98526419769283
993,0.932402375494376,6.14303831206049,-0.0939949112880657,-6.3624114547317,8.73150681540872,-5.68557356638658,-0.329664750231407,-3.33530282032584,2.63592580363907,2.98496059280284,11.2442263274881,-0.462075746030936,-0.0400408657160372
998,0.0769675077404846,-10.2464976903185,0.840061487094987,1.88582821782365,0.215105543826287,-8.72205585924547,17.507122129822,-1.55653133674351,4.62052551774287,0,12.9532619054552,-2.53859745976226,-1.87528813802313
999,1.9128975135064,4.01272920062156,-5.56314825847415,13.4776225124676,1.26578900242763,-3.81302183637147,-8.37320085755807,-2.9196672766195,0.435613650184935,0.0673605041269144,0.486295061521527,-1.43889241405919,-0.0743875797914068
